rank,name,handle,followers
1,"Bluesky",bsky.app,31390720
2,"Alexandria Ocasio-Cortez",aoc.bsky.social,2193399
3,"Mark Cuban",mcuban.bsky.social,1488865
4,"Mark Hamill",markhamillofficial.bsky.social,1338518
5,"The Onion",theonion.com,1318970
6,"George Takei",georgetakei.bsky.social,1306573
7,"The New York Times",nytimes.com,1271931
8,"Rachel Maddow",maddow.bsky.social,1117307
9,"Stephen King",stephenking.bsky.social,1098143
10,"MeidasTouch",meidastouch.com,1047085
11,"NPR",npr.org,957458
12,"Aaron Rupar",atrupar.com,905835
13,"Alt National Park Service",altnps.bsky.social,889065
14,"Brian Tyler Cohen",briantylercohen.bsky.social,828361
15,"George Conway âš–ï¸ğŸ‡ºğŸ‡¸",gtconway.bsky.social,822902
16,"Hank Green",hankgreen.bsky.social,822120
17,"The Washington Post",washingtonpost.com,815296
18,"Chris Hayes",chrislhayes.bsky.social,802860
19,"Robert Reich",rbreich.bsky.social,781112
20,"Ron Filipkowski",ronfilipkowski.bsky.social,761910
21,"Molly Jong-Fast",mollyjongfast.bsky.social,753687
22,"Heather Cox Richardson (TDPR)",hcrichardson.bsky.social,750185
23,"Pete Buttigieg",petebuttigieg.bsky.social,741853
24,"The Lincoln Project",lincolnproject.us,734385
25,"The Guardian",theguardian.com,734133
26,"Marc Elias",marcelias.bsky.social,725307
27,"Mueller, She Wrote",muellershewrote.com,722004
28,"Adam Kinzinger",adamkinzinger.substack.com,721693
29,"jamelle",jamellebouie.net,716840
30,"Patton Oswalt",pattonoswalt.bsky.social,702355
31,"Acyn",acyn.bsky.social,621041
32,"ProPublica",propublica.org,612479
33,"CNN",cnn.com,611780
34,"Mehdi Hasan",mehdirhasan.bsky.social,610428
35,"Jay ğŸ¦‹",jay.bsky.team,595014
36,"God",thegodpodcast.com,587141
37,"Aaron Parnas",aaronparnas.bsky.social,584824
38,"Barack Obama",barackobama.bsky.social,571983
39,"derek guy",dieworkwear.bsky.social,563489
40,"wint",dril.bsky.social,560818
41,"Congresswoman Jasmine Crockett",crockett.house.gov,558988
42,"Senator Bernie Sanders",sanders.senate.gov,554219
43,"Joyce White Vance",joycewhitevance.bsky.social,553866
44,"The Daily Show",thedailyshow.com,546930
45,"JoJoFromJerz",jojofromjerz.bsky.social,531523
46,"Tim Onion",bencollins.bsky.social,526589
47,"Rick Wilson",therickwilson.bsky.social,519798
48,"Jon Cooper",joncooper-us.bsky.social,512927
49,"BrooklynDad_Defiant!",mmpadellan.bsky.social,488519
50,"Katie Phang",katiephang.bsky.social,478540
51,"LeVar Burton",levarburton.bsky.social,473372
52,"Timothy Snyder",timothysnyder.bsky.social,471079
53,"Just Jack",just-jack-1.bsky.social,470491
54,"Governor Tim Walz",governorwalz.mn.gov,469408
55,"WeRateDogs",weratedogs.com,462802
56,"Anonymous",youranoncentral.bsky.social,455219
57,"Randall Munroe",xkcd.com,453926
58,"Jim Acosta",jimacosta.bsky.social,446546
59,"Kara Swisher",karaswisher.bsky.social,438184
60,"Bloomberg News",bloomberg.com,436402
61,"CALL TO ACTIVISM",calltoactivism.bsky.social,436175
62,"Politico",politico.com,434324
63,"Al Yankovic",alyankovic.bsky.social,426951
64,"Internet Archive",archive.org,426019
65,"Adam Parkhomenko",adamparkhomenko.bsky.social,420701
66,"Judd Legum",juddlegum.bsky.social,415436
67,"Bodega Cats",bodegacats.bsky.social,415270
68,"Anne Applebaum",anneapplebaum.bsky.social,415036
69,"Elizabeth Warren",warren.senate.gov,407018
70,"Seth Abramson",sethabramson.bsky.social,400670
71,"Democracy Docket",democracydocket.com,399413
72,"Financial Times",financialtimes.com,398551
73,"Jeff Tiedrich",jefftiedrich.bsky.social,393077
74,"Joy-Ann Reid",joyannreid.bsky.social,392161
75,"Fred Wellman",fpwellman.bsky.social,390193
76,"Zohran Kwame Mamdani",zohrankmamdani.bsky.social,389456
77,"Kevin M. Kruse",kevinmkruse.bsky.social,389103
78,"Angry",angrystaffer.bsky.social,385572
79,"Phil Lewis",phillewis.bsky.social,385253
80,"Jon Cryer",mrjoncryer.bsky.social,383002
81,"Mary L Trump",maryltrump.bsky.social,382570
82,"Ben Stiller",benstiller.redhour.com,380049
83,"Rex Chapman",rexchapman.bsky.social,377581
84,"Morgan J Freeman",mjfree.bsky.social,372782
85,"The Tennessee Holler",thetnholler.bsky.social,372194
86,"tobyfox",tobyfox.undertale.com,371581
87,"WIRED",wired.com,371339
88,"Tom Nichols",radiofreetom.bsky.social,366930
89,"Fucking Bitch Hat",kenwhite.bsky.social,363549
90,"The Atlantic",theatlantic.com,361519
91,"Brett Meiselas",bmeiselas.bsky.social,355538
92,"Barb McQuade",barbmcquade.bsky.social,350837
93,"Mother Jones",motherjones.com,350373
94,"Laurence H. Tribe",tribelaw.bsky.social,349506
95,"John Scalzi",scalzi.com,348765
96,"Mina Kimes",minakimes.bsky.social,348592
97,"The New Yorker",newyorker.com,346864
98,"Christopher Webb",cwebbonline.com,346443
99,"Ben Meiselas",meiselasb.bsky.social,340462
100,"southpaw",nycsouthpaw.bsky.social,338288
101,"Asha Rangappa",asharangappa.bsky.social,335712
102,"PatriotTakes ğŸ‡ºğŸ‡¸",patriottakes.bsky.social,333939
103,"Alexander S. Vindman",avindman.bsky.social,329566
104,"The Athletic",theathletic.com,329213
105,"Tristan Snell",tristansnell.bsky.social,326709
106,"Hillary Rodham Clinton",hillaryclinton.bsky.social,325330
107,"Lawrence O'Donnell",lawrenceodonnell.bsky.social,322554
108,"Mrs. Betty Bowers",mrsbettybowers.bsky.social,322293
109,"Scott Dworkin",dworkin.bsky.social,321410
110,"David Corn",davidcorn.bsky.social,320126
111,"Kumail Nanjiani",kumail.bsky.social,318657
112,"James Gunn",jamesgunn.bsky.social,318229
113,"Jen Rubin",jenrubin.bsky.social,318024
114,"Shitpost sÃ³ que de verdade",shitpostverdade2.bsky.social,317567
115,"Neil Gaiman",neilhimself.neilgaiman.com,315184
116,"Kyle Griffin",kylegriffin1.bsky.social,313966
117,"Andrew Weissmann",weissmann.substack.com,313799
118,"Ruth Ben-Ghiat",ruthbenghiat.bsky.social,311795
119,"Paul Krugman",pkrugman.bsky.social,310896
120,"Glenn Kirschner",glennkirschner.bsky.social,309407
121,"onion person",junlper.beer,308862
122,"Texas Paul",realtexaspaul.com,308728
123,"PoliticsGirl",politicsgirl.bsky.social,308228
124,"Kat Abughazaleh",katmabu.bsky.social,307908
125,"Chris Geidner",chrisgeidner.bsky.social,307745
126,"Paul Frazee",pfrazee.com,307393
127,"Better Things Are Possible",internethippo.bsky.social,306788
128,"FLAVOR FLAV â°",flavorflav.bsky.social,306131
129,"Jimmy Kimmel",jimmykimmel.com,305092
130,"Jake Tapper, long-suffering Philly sports fan",jaketapper.bsky.social,303911
131,"David Pakman",davidpakman.bsky.social,303528
132,"Adam Serwer",adamserwer.bsky.social,302578
133,"John Cusack",johncusack.bsky.social,301596
134,"emptywheel",emptywheel.bsky.social,301050
135,"Cats of Yore",catsofyore.bsky.social,300054
136,"Jon Bois",jonbois.bsky.social,300013
137,"Wajahat Ali",wajali.bsky.social,298975
138,"Guillermo del Toro",realgdt.bsky.social,298065
139,"Reuters",reuters.com,297279
140,"Harry Litman",harrylitman.bsky.social,297124
141,"Republicans Against Trumpism",rpsagainsttrump.bsky.social,296480
142,"Lula",lulaoficialbluesky.bsky.social,295020
143,"Ken Klippenstein",kenklippenstein.bsky.social,291434
144,"Andy Richter",andyrichter.co,290685
145,"Yashar Ali ğŸ˜",yasharali.bsky.social,289923
146,"Jordy ğŸ‡ºğŸ‡¸ğŸ¦…",meidasjordy.bsky.social,289426
147,"Kyle Cheney",kyledcheney.bsky.social,288050
148,"Rep. Alexandria Ocasio-Cortez",ocasio-cortez.house.gov,285940
149,"The Associated Press",apnews.com,284528
150,"Governor JB Pritzker",govpritzker.illinois.gov,283758
151,"shauna",goldengateblond.bsky.social,282389
152,"Katie Mack",astrokatie.com,280066
153,"Taylor Lorenz @ XBIZ LA",taylorlorenz.bsky.social,279921
154,"Hoarse Whisperer",therealhoarse.bsky.social,278598
155,"Neil deGrasse Tyson",neildegrassetyson.com,275611
156,"Matthew Gertz",mattgertz.bsky.social,272177
157,"Malcolm Nance, Leading Resister",malcolmnance.bsky.social,272030
158,"The Bulwark",thebulwark.com,271567
159,"Liam Nissanâ„¢",theliamnissan.bsky.social,270813
160,"Roxane Gay",roxanegay.bsky.social,268274
161,"Jack Hopkins-The Original",therealjackhopkins.bsky.social,267506
162,"Bluesky Safety",safety.bsky.app,265734
163,"Nature Neon",natureneon.bsky.social,265375
164,"Josh Marshall",joshtpm.bsky.social,264692
165,"Hakeem Jeffries",hakeem-jeffries.bsky.social,264190
166,"Erin Reed",erininthemorning.com,263567
167,"Pop Base",popbase.tv,263511
168,"Nick Knudsen",nickknudsenus.bsky.social,263066
169,"Harry Dunn",libradunn1.bsky.social,262850
170,"ElieNYC",elienyc.bsky.social,262784
171,"ãƒŠã‚¬ãƒ",ngntrtr.bsky.social,262370
172,"Maxwell Frost",maxwellfrost.bsky.social,262010
173,"Sherrilyn Ifill",sifill.bsky.social,260511
174,"Rep. Jamie Raskin",raskin.house.gov,260425
175,"The Verge",theverge.com,259658
176,"Haus of Decline",hausofdecline.bsky.social,259422
177,"Anna Bower",annabower.bsky.social,259053
178,"Keith Edwards",keithedwards.bsky.social,258592
179,"Tea Pain",teapainusa.bsky.social,257063
180,"Indivisible âŒğŸ‘‘",indivisible.org,256923
181,"Mara Wilson",marawilson.bsky.social,256061
182,"Art Candee ğŸ¿ğŸ¥¤",artcandee.bsky.social,255660
183,"James Oâ€™Brien",mrjamesob.bsky.social,255316
184,"Dahlia Lithwick",dahlialithwick.bsky.social,254970
185,"Steven  Beschloss",stevenbeschloss.bsky.social,254301
186,"Bellingcat",bellingcat.com,253801
187,"POLITICO Europe",politico.eu,253726
188,"Jasmine Crockett",jasmineforus.bsky.social,253008
189,"Stephen Colbert",stephencolbert.bsky.social,252664
190,"Gavin Newsom",gavinnewsom.bsky.social,252530
191,"luscas",luscas.com.br,252057
192,"pixelatedboat aka â€œmr blueskyâ€",pixelatedboat.bsky.social,251247
193,"Governor Gavin Newsom",governor.ca.gov,249870
194,"Morgan Fairchild",morgfair.bsky.social,249856
195,"Sen. Cory Booker",booker.senate.gov,247055
196,"Carl Quintanilla",carlquintanilla.bsky.social,246439
197,"Steve Vladeck",stevevladeck.bsky.social,245742
198,"Jess Piper",piperformissouri.bsky.social,241943
199,"Hoodlum ğŸ‡ºğŸ‡¸",nothoodlum.bsky.social,241477
200,"UpdateCharts",updatecharts.com.br,241051
201,"ESPN",espn.com,240502
202,"Norm Eisen",normeisen.bsky.social,239003
203,"BBC Newsnight",bbcnewsnight.bsky.social,236531
204,"Casey Newton",caseynewton.bsky.social,235790
205,"Charlotte Clymer",charlotteclymer.bsky.social,235560
206,"John Pavlovitz",johnpavlovitz.bsky.social,234395
207,"ERIKA HILTON",erikahilton.bsky.social,233722
208,"Parker Molloy",parkermolloy.com,233497
209,"Fred Guttenberg",fredguttenberg.bsky.social,231983
210,"Andrea Junker",strandjunker.com,231876
211,"Aaron Black",aaronblack.bsky.social,231599
212,"NY Times Pitchbot",nytpitchbot.bsky.social,230800
213,"Molly White",molly.wiki,230685
214,"Frank Figliuzzi",frankfigliuzzi.bsky.social,230484
215,"Sen. Adam Schiff",schiff.senate.gov,230408
216,"Lakota Man ğŸª¶",lakotaman.bsky.social,230321
217,"SB",seriesbrasil.com.br,229715
218,"Scott Galloway",profgalloway.com,228824
219,"Dave Weigel",daveweigel.bsky.social,228540
220,"Democracy Now!",democracynow.org,228145
221,"Susie Dent",susiedentwords.bsky.social,228109
222,"Jay Rosen",jayrosen.bsky.social,227968
223,"Carole Cadwalladr",carolecadwalla.bsky.social,227788
224,"Ricky Gervais",mrrickygervais.bsky.social,227480
225,"Khashoggi's Ghost",urocklive1.bsky.social,226792
226,"Felipe Neto",felipeneto.com.br,226207
227,"John Green",johngreensbluesky.bsky.social,225835
228,"John Fugelsang",johnfugelsang.bsky.social,225828
229,"Culture Crave ğŸ¿",culturecrave.co,225076
230,"Marisa Kabas",marisakabas.bsky.social,223744
231,"Brian Schatz",schatz.bsky.social,223641
232,"Mia Farrow",miafarrow.bsky.social,223448
233,"Don Lemon",donlemonofficial.bsky.social,221779
234,"Ryan Goodman",rgoodlaw.bsky.social,221725
235,"Olivia of Troye",oliviaoftroye.com,221699
236,"Occupy Democrats",occupydemocrats.bsky.social,221521
237,"#TuckFrump",realtuckfrumper.bsky.social,220811
238,"PBS News",pbsnews.org,219970
239,"Leah Litman",leahlitman.bsky.social,219605
240,"The Volatile Mermaid",ohnoshetwitnt.bsky.social,218740
241,"Ben Wikler",benwikler.bsky.social,218739
242,"Dave Itzkoff",ditzkoff.bsky.social,218119
243,"Jen Taub",jentaub.bsky.social,216472
244,"Eleven Films",elevenfilms.com,216039
245,"Grant Stern",grantstern.bsky.social,215617
246,"ğ‘€ğ’¶ğ“ğ“‡ğ’¶Â°â€â‹†.à³ƒà¿”*:ï½¥ğŸ«§",mayraphotography.bsky.social,215408
247,"Ed Yong",edyong209.bsky.social,214581
248,"John Collins",logicallyjc.bsky.social,213891
249,"Krassensteins",krassenstein.bsky.social,212958
250,"Media Matters for America",mmfa.bsky.social,212578
251,"Taniel",taniel.bsky.social,212346
252,"Michael Cohen",michaelcohen212.bsky.social,211873
253,"TizzyEnt",tizzyent.bsky.social,211457
254,"Space",redditspaceviewes.bsky.social,209847
255,"Alex Winter",alexwinter.com,209826
256,"Greg Sargent",gregsargent.bsky.social,209609
257,"Eric Feigl-Ding",drericding.bsky.social,209225
258,"Henry Winkler",hwinkler4real.bsky.social,209074
259,"Charlie Sykes",sykescharlie.bsky.social,208993
260,"Chris Murphy",chrismurphyct.bsky.social,208392
261,"Steam",steampowered.com,208080
262,"Alejandra Caraballo",esqueer.net,208004
263,"MaddowBlog",maddowblog.bsky.social,206750
264,"Benjamin Wittes",benjaminwittes.lawfaremedia.org,206498
265,"Bill Kristol",billkristolbulwark.bsky.social,206362
266,"ACLU",aclu.org,205918
267,"I Smoked Democracy",dknight10k.bsky.social,205210
268,"Al Jazeera English",aljazeera.com,205182
269,"Eric Swalwell",ericswalwell.bsky.social,204575
270,"Jeri Ryan (official account)",jerilryan.bsky.social,203789
271,"Tim Oâ€™Brien",timobrien.bsky.social,201730
272,"Heather Thomas",heatherthomasaf.bsky.social,201470
273,"50501: The Peopleâ€™s Movement âŒğŸ‘‘",50501movement.bsky.social,201098
274,"David Leavitt",davidleavitt.bsky.social,200662
275,"Santiago Mayer",santiagomayer.com,200617
276,"Eric Holder",ericholder.bsky.social,200597
277,"Mike Masnick",mmasnick.bsky.social,200266
278,"VoteVets",votevets.org,200054
279,"David Frum",davidfrum.bsky.social,199532
280,"Monica Lewinsky",monicalewinsky.bsky.social,199522
281,"Peter Stefanovic",peterstefanovic.bsky.social,198744
282,"ğŸ¥–KekeflipnoteğŸ¥–",kekeflipnote.bsky.social,198260
283,"Science Friday",scifri.bsky.social,197694
284,"Senator Ron Wyden",wyden.senate.gov,197600
285,"NBC News",nbcnews.com,196254
286,"Clara Jeffery",clarajeffery.bsky.social,195337
287,"Joshua J. Friedman",joshuajfriedman.com,195267
288,"Ken Jennings",kenjennings.bsky.social,195141
289,"undefined",oliviajulianna.bsky.social,195077
290,"Asawin Suebsaeng",swin24.bsky.social,194856
291,"McSpockyâ„¢",mcspocky.bsky.social,194587
292,"George Monbiot",georgemonbiot.bsky.social,194328
293,"Patti Olivier EPSTEIN FILES NEVER FORGET",patti3333.bsky.social,193382
294,"2026 all the things",pwnallthethings.bsky.social,193335
295,"darthâ„¢ï¸",darthbluesky.bsky.social,193148
296,"Shannon Watts",shannonrwatts.bsky.social,192894
297,"Cory Booker",corybooker.com,192528
298,"The Intercept",theintercept.com,191910
299,"Planeta do Futebol ğŸŒ",planetadofutebol.bsky.social,191679
300,"Nicolle Wallace",nicollewallace.bsky.social,190887
301,"DevinCow",devincow.bsky.social,190452
302,"Michael Hobbes",michaelhobbes.bsky.social,190426
303,"More Perfect Union",moreperfectunion.bsky.social,190294
304,"Harry Sisson",harryjsisson.bsky.social,190151
305,"TechCrunch",techcrunch.com,188675
306,"Bradley Whitford",bradleywhitford.bsky.social,188235
307,"Rebecca Solnit",rebeccasolnit.bsky.social,187702
308,"ğ•Šğ•¦ğ•Ÿğ••ğ•’ğ•– ğ”¾ğ•¦ğ•£ğ•",sundaedivine.lol,187365
309,"Adam Cohen (My Personal Views Only)",axidentaliberal.bsky.social,187316
310,"The Wall Street Journal",wsj.com,186998
311,"AltYellostoneNatPar",altyellonatpark.org,186809
312,"Jon Favreau",jonfavs.bsky.social,186456
313,"Kamala Harris",kamalaharris.com,186124
314,"The Kyiv Independent",kyivindependent.com,185975
315,"Ilhan Omar",ilhanmn.bsky.social,185418
316,"Stephanie Kennedy",wordswithsteph.bsky.social,184586
317,"Brandy Zadrozny",brandyzadrozny.bsky.social,184469
318,"Chris Kluwe",chriswarcraft.bsky.social,184413
319,"Mark Carney",mark-carney.bsky.social,184254
320,"Drew Harwell",drewharwell.com,183941
321,"Hbomberguy",hbomberguy.bsky.social,183765
322,"Jamie Carter",jctheresistance.demcast.com,181643
323,"Technology Connections",techconnectify.bsky.social,181280
324,"iti malias ğŸ˜",itimaliasoficial.bsky.social,179991
325,"Tim Miller",timmiller.bsky.social,179854
326,"Palmer Report",palmerreport.com,179647
327,"DrDinD.bsky.social",drdind.bsky.social,179309
328,"Adam Mockler",adammockler.com,178811
329,"lukelukeluke",lukelukeluke.bsky.social,178248
330,"Andy Kaczynski",kfile.bsky.social,178134
331,"Ryan Reynolds",vancityreynolds.bsky.social,177817
332,"Peter Sagal",petersagal.bsky.social,177366
333,"Carol Vorderman",carolvorders.bsky.social,177043
334,"Renee DiResta",noupside.bsky.social,176991
335,"Machine Pun Kelly",kellyscaletta.bsky.social,176626
336,"Malena-PRO-CHOICE ğŸŒŠ ğŸŸ¦ğŸŸ§Fighting Tyranny!",malena.bsky.social,176518
337,"Melissa Murray",profmmurray.bsky.social,176185
338,"ğŸ’™â¤ï¸ğŸ’™MiağŸ’™â¤ï¸ğŸ’™",mommamia.bsky.social,175576
339,"Outspokenâ„¢ï¸",out5p0ken.bsky.social,175337
340,"Oliver Darcy",oliverdarcy.bsky.social,174979
341,"WuTangIsForTheChildren",wutangforchildren.bsky.social,173301
342,"DiscussingFilm",discussingfilm.net,172937
343,"soul nate",mnateshyamalan.bsky.social,172625
344,"Duolingo Brasil ğŸ‡§ğŸ‡·",duolingobrasil.com.br,172577
345,"Jairme",jairme.bsky.social,171907
346,"Mike Nellis",mikenellis.bsky.social,171765
347,"Being Liberal Â®ğŸ—½ğŸ³ï¸â€ğŸŒˆ",beingliberal.bsky.social,171481
348,"Amee Vanderpool",girlsreallyrule.bsky.social,171475
349,"Ed Zitron",edzitron.com,171070
350,"WHO",who.int,170675
351,"Rachel Bitecofer",rachelbitecofer.bsky.social,170256
352,"Valerie Bertinelli",wolfiesmom.bsky.social,170117
353,"Kat Tenbarge",kattenbarge.bsky.social,169694
354,"Liz Cheney",lizcheney.bsky.social,169116
355,"lack/çˆç²ç´³å£«",lalalalack.bsky.social,169094
356,"Maya Wiley",maya4rights.bsky.social,168974
357,"Robert Evans (the Only Robert Evans)",iwriteok.bsky.social,168476
358,"Chico Barney",chicobarney.bsky.social,168287
359,"Max Kennerly",maxkennerly.bsky.social,167710
360,"Karen Attiah",karenattiah.bsky.social,167624
361,"IGN",ign.com,167174
362,"Philip Bump",pbump.com,167076
363,"Tal Lavin",swordsjew.bsky.social,166975
364,"Le Monde",lemonde.fr,166897
365,"Lawfare",lawfaremedia.org,166472
366,"Isaiah Martin",isaiahrmartin.bsky.social,166112
367,"Democratic Wins Media",democraticwins.bsky.social,165621
368,"Don Moynihan",donmoyn.bsky.social,165571
369,"Peter Morley â™¿ï¸",petermorley.bsky.social,165441
370,"Satan",thedevil.bsky.social,164849
371,"404 Media",404media.co,164707
372,"Troy Matthews",keeptroyblue.bsky.social,164503
373,"Randi Mayem Singer",rmayemsinger.bsky.social,164424
374,"Prisonculture",prisonculture.bsky.social,164384
375,"Qasim Rashid, Esq.",qasimrashid.com,163973
376,"Hunter Walker",hunterw.bsky.social,163340
377,"Imani Gandy",angryblacklady.blacksky.app,163235
378,"Ali Velshi",velshi.com,163008
379,"Pat Fuller",bannerite.bsky.social,162819
380,"EL PAÃS",elpais.com,162255
381,"Choco Harvey Milk",chocoharveymilk.bsky.social,162208
382,"Brian Cardone",cardonebrian.bsky.social,162109
383,"Dionne Warwick",dionnewarwick.bsky.social,162041
384,"Noah Shachtman",noahshachtman.bsky.social,161876
385,"Tennessee Brando",tnbrando.bsky.social,161226
386,"Elizabeth Spiers",espiers.bsky.social,161225
387,"Kathy Griffin",kathygriffin.bsky.social,161194
388,"Paul F. Tompkins",pftompkins.bsky.social,160925
389,"FT Visual & Data Journalism",data.ft.com,160752
390,"ArtButMakeItSports",artbutmakeitsports.bsky.social,160398
391,"DemCast USA",demcast.com,160203
392,"sarah jeong",sarahjeong.bsky.social,160132
393,"lizzo",lizzobeeating.bsky.social,158672
394,"Heather Paterson",heatherpaterson.co.uk,158499
395,"Ryan Mac ğŸ™ƒ",rmac.bsky.social,158211
396,"Tiffany Drastic",pdxeleven.bsky.social,157973
397,"Andrew Weinstein",andrewjweinstein.com,157955
398,"Nadine Smith",nadinesmith.bsky.social,157908
399,"Ryan J. Reilly â€œpaints a vivid and urgent portrait ofâ€¦ disarrayâ€",ryanjreilly.com,156982
400,"Peter Baker",peterbakernyt.bsky.social,156691
401,"temmie",tuyoki.bsky.social,156627
402,"Vox",vox.com,156598
403,"Joshua Walker",bigjosh84.bsky.social,156302
404,"Kai Ryssdal",kairyssdal.bsky.social,156287
405,"Alt CDC (they/them)",altcdc.altgov.info,155657
406,"Catherine Rampell",crampell.bsky.social,155641
407,"Ian Rapoport",rapsheet.bsky.social,155610
408,"Jason Kander",jasonkander.bsky.social,155589
409,"Pirate Software",piratesoftware.live,155490
410,"KittyKatGirlğŸ˜»ğŸ™ğŸ’ğŸ",mary1kathy.bsky.social,155452
411,"Mark Joseph Stern",mjsdc.bsky.social,155430
412,"Scott MacFarlane",macfarlanenews.bsky.social,155246
413,"Ali Vitali",alivitali.bsky.social,154827
414,"Eric Topol",erictopol.bsky.social,154455
415,"George Hahn",georgehahn.com,154348
416,"Ana Marie Cox",anamariecox.bsky.social,153963
417,"Kiana Mai",kianamai.bsky.social,153911
418,"Lisa Reyna Loe",lisaloe.bsky.social,153824
419,"Lynda Carter",lyndacarter.bsky.social,153648
420,"Joshua Martin",joshuarmartin.bsky.social,153480
421,"Decoding Fox News",decodingfoxnews.bsky.social,153340
422,"Kaylan_TX",kaylan.bsky.social,153095
423,"dell cameron",dell.bsky.social,153032
424,"Jen Psaki",jenpsaki.bsky.social,153017
425,"Lee-in-Iowa ğŸ’™",lee-in-iowa.bsky.social,152911
426,"Jay Willis",jaywillis.net,152651
427,"weird medieval guys",weirdmedieval.bsky.social,152364
428,"Mikel Jollett",mikeljollett.bsky.social,151842
429,"POPOK",mspopok.bsky.social,151642
430,"Helen Kennedy",helenkennedy.bsky.social,151330
431,"Skyleigh Uhrich",skylee1.bsky.social,150988
432,"Alastair Campbell",alastaircampbell2.bsky.social,150474
433,"TPM",talkingpointsmemo.com,150426
434,"Jason Schreier",jasonschreier.bsky.social,150012
435,"Senator Sheldon Whitehouse",whitehouse.senate.gov,149615
436,"Sandi Bachom ğŸ“¹ğŸ¥ğŸ¬",sandibachom.bsky.social,149362
437,"Tris",trisresists.bsky.social,148936
438,"Best of Dying Twitter",bestofdyingtwit.bsky.social,148875
439,"AntifaPuddinâ€™Pop",antifapuddinpop.bsky.social,147939
440,"Brian Stelter",brianstelter.bsky.social,147656
441,"Gabe Sanchez",iamgabesanchez.bsky.social,147647
442,"ã—ãã‚Œã†ã„",uishig.bsky.social,147525
443,"Chelsea Manning",xychelsea.tv,147495
444,"Josh Chafetz",joshchafetz.bsky.social,147339
445,"Sari Beth Rosenberg",sari.bsky.social,147261
446,"Charlie Savage",charliesavage.bsky.social,147212
447,"Greg Olear",gregolear.bsky.social,146229
448,"Carl T. Bergstrom",carlbergstrom.com,146096
449,"Chasten Glezman Buttigieg",chastenbuttigieg.bsky.social,146082
450,"Mindy Schwartz",mindyanns.bsky.social,146038
451,"elDiario.es",eldiario.es,145898
452,"Jenny Cohn",jennycohn.bsky.social,145824
453,"Lewis Goodall",lewisgoodall.com,145607
454,"Really American",reallyamerican.bsky.social,145474
455,"undefined",mayoisspicyy.bsky.social,145390
456,"Analisa Swan (she/her)",analisaswan.bsky.social,144764
457,"Saeed Jones",theferocity.bsky.social,144483
458,"Wario64",wario64.bsky.social,144467
459,"FWC Indivisible",fwcindivisible.bsky.social,144442
460,"Amanda Knox",amandaknox.com,144365
461,"Ian Dunt",iandunt.bsky.social,144191
462,"Eliza Orlins",elizaorlins.bsky.social,144164
463,"Quinta Brunson",quintabrunson.bsky.social,144076
464,"Katharine Hayhoe",katharinehayhoe.com,143683
465,"Peter",notalawyer.bsky.social,143647
466,"JP",jpbrammer.bsky.social,143541
467,"Julia Davis",juliadavisnews.bsky.social,143469
468,"Under The Desk News",underthedesknews.bsky.social,143351
469,"Laura Rozen",lkrozen.bsky.social,143224
470,"Byline Times",bylinetimes.bsky.social,143178
471,"WTFGOP a.k.a on Twitter @Doggintrump",wtfgop.bsky.social,143094
472,"I'm Uni :3",unicouniuni3.bsky.social,142562
473,"Tina Smith",smith.senate.gov,142547
474,"Lauren Windsor",laurenwindsor.bsky.social,142266
475,"Alan Rosenblatt",drdigipol.bsky.social,142203
476,"Dr. Jack Brown",drjackbrown.bsky.social,142164
477,"Brown Eyed Susan",browneyedsusan.bsky.social,141916
478,"Mimi Rocah",mimirocah1.bsky.social,141441
479,"Randy Rainbow",randyrainbow.bsky.social,141405
480,"Electronic Frontier Foundation",eff.org,141300
481,"Jason Leopold",jasonleopold.bsky.social,140985
482,"Richard Branson",richardbranson.bsky.social,140361
483,"Laura Packard",laurapackard.com,140131
484,"SimzArt",simzart.bsky.social,140042
485,"Jeff (Gutenberg Parenthesis) Jarvis",jeffjarvis.bsky.social,139982
486,"Nigella Lawson",nigella.bsky.social,139766
487,"Randi Weingarten ğŸ–‡ï¸ğŸ“šâœŠğŸ‡ºğŸ‡¸",rweingarten.bsky.social,139544
488,"Pearlmania500",pearlmania500.bsky.social,139424
489,"Karly Kingsley",karlykingsley.bsky.social,139408
490,"Ty Ross",cooltxchick.bsky.social,138806
491,"Sarah Wood",sarahwood.bsky.social,138698
492,"James Fallows",jfallows.bsky.social,138609
493,"Barbra Streisand",barbrastreisand.bsky.social,138121
494,"Ian Bassin",ianbassin.bsky.social,137529
495,"OlÃºfáº¹Ìmi O. TÃ¡Ã­wÃ²",olufemiotaiwo.bsky.social,137348
496,"Karen Friedman Agnifilo",kfa-legal.bsky.social,137219
497,"Eliot Higgins",eliothiggins.bsky.social,136821
498,"The New Republic",newrepublic.com,136722
499,"Norm Ornstein",normornstein.bsky.social,136654
500,"Shanlon Wu",shanlonwu.com,136557
501,"Sarah Kendzior",sarahkendzior.bsky.social,136366
502,"U.S. Representative Al Green",algreen.house.gov,136129
503,"The Contrarian",contrariannews.org,136042
504,"Alyssa Milano",alyssamilano.bsky.social,136006
505,"Moon lover",moon1over.bsky.social,135782
506,"Naomi Klein",naomiaklein.bsky.social,135698
507,"Michael Adzema",sillymickel.bsky.social,135689
508,"Maca IglesiasğŸ‡ºğŸ‡¸Thank You, President BidenğŸ‡ºğŸ‡¸",rotterdamvvg.bsky.social,135447
509,"Jonathan Slater",jonathanslater.bsky.social,135397
510,"MS NOW",ms.now,135349
511,"#BlueStormComin1ğŸŒªï¸ğŸ‘ŠğŸ”¥ğŸ‡ºğŸ‡¸ #Resistance ğŸ™ŒğŸ»",bluestormcomin1.bsky.social,135239
512,"eve6",eve6.bsky.social,134863
513,"Robert Cooper",robertcooper-us.bsky.social,134641
514,"Yvette Nicole Brown",ynb.bsky.social,134607
515,"Will Sommer",willsommer.bsky.social,134312
516,"Justin Hendrix",justinhendrix.bsky.social,134307
517,"Joe Walsh",walshfreedom.bsky.social,134306
518,"LeiağŸ‡¨ğŸ‡´ğŸ‡ºğŸ‡¸",theswprincess.bsky.social,133887
519,"Marko (Nerd and Jock Comics)",markoraassina.bsky.social,133856
520,"Stephanie â€œLBâ€",lincolnsbible.bsky.social,133680
521,"El Mundo Today",elmundotoday.com,133479
522,"Bradley P. Moss",bradmossesq.bsky.social,133196
523,"David Mack",davidmackau.bsky.social,133034
524,"Brennan Lee Mulligan",brennanleemulligan.bsky.social,132761
525,"Marques Brownlee",mkbhd.com,131852
526,"JenğŸ‡ºğŸ‡¸ğŸ´â€â˜ ï¸",jen.sheshed.rocks,131745
527,"Ekrem Ä°mamoÄŸlu",ekremimamoglu.com,131490
528,"Robert Garcia",robertgarcia.bsky.social,131410
529,"Simon Rosenberg",simonwdc.bsky.social,131258
530,"depths of wikipedia",depthsofwikipedia.bsky.social,131138
531,"Steve Marmel",marmel.bsky.social,131062
532,"Will Bunch",willbunch.bsky.social,130663
533,"Voters of Tomorrow",votersoftomorrow.org,130630
534,"Tim Dickinson",timdickinson.bsky.social,130494
535,"Michael McDonald",electproject.bsky.social,130197
536,"Sarah Longwell",sarahlongwell25.bsky.social,130105
537,"Mike Galsworthy",mikegalsworthy.bsky.social,129844
538,"Cheri Jacobus",cherijacobus.bsky.social,129799
539,"Rio Tazewell",riotazewell.bsky.social,129627
540,"Armando Iannucci",aiannucci.bsky.social,129349
541,"Emily Nussbaum",emilynussbaum.bsky.social,129111
542,"The Independent",the-independent.com,129045
543,"Lori Coleman",democracystorm.bsky.social,129013
544,"SuzyQ",suzyqfit4u.bsky.social,128613
545,"Anthony Davis",theanthonydavis.bsky.social,128399
546,"Amanda Carpenter",amandacarpenter.bsky.social,127862
547,"TizzyWoman",tizzywoman.bsky.social,127834
548,"Larry the Cat",number10cat.bsky.social,127594
549,"Central do Braga",centraldobraga.bsky.social,127346
550,"Led By Donkeys",ledbydonkeys.org,127204
551,"Axios",axios.com,127194
552,"Pippa Crerar",pippacrerar.bsky.social,127039
553,"Bryan Dawson",bryandawsonusa.bsky.social,126984
554,"Margaret Sullivan",sulliview.bsky.social,126969
555,"The Nation Magazine",thenation.com,126550
556,"Keith Olbermann",olbermann.bsky.social,126549
557,"Abigail Thorn",theabigailthorn.bsky.social,126487
558,"Dr Susan Oliver (PhD)",drsusanoliver.bsky.social,126480
559,"Matt Binder",mattbinder.bsky.social,126468
560,"Darth Putin",darthputinkgb.bsky.social,126363
561,"Rolling Stone",rollingstone.com,126291
562,"Auschwitz Memorial",auschwitzmemorial.bsky.social,126219
563,"The Weekly Show with Jon Stewart",weeklyshowpodcast.bsky.social,126214
564,"Rose ğŸŒ¹",rose.bsky.team,126178
565,"Der Volksverpetzer",volksverpetzer.de,126119
566,"D. Earl Stephens",dearlstephens.bsky.social,126026
567,"Protect Democracy",protectdemocracy.org,125574
568,"Daisy D âœŒï¸ğŸ’™ğŸ‡ºğŸ‡¸ğŸ‡ºğŸ‡¦",daisyd.bsky.social,125504
569,"PlayStation",playstation.com,125494
570,"lauren",lauren.rotatingsandwiches.com,125428
571,"Rebecca Traister",rtraister.bsky.social,125423
572,"Sam Stein",samsteindc.bsky.social,125331
573,"ğŸ‡ºğŸ‡¸Boston BrianğŸ‡ºğŸ‡¦",bostonbrian.com,125221
574,"ğŸ¦‹â„ï¸ğŸBaronğŸâ„ï¸ğŸ¦‹",baron333.bsky.social,125213
575,"Captain Mark Kelly",captmarkkelly.bsky.social,124651
576,"Beks",antifaoperative.bsky.social,124486
577,"Brendan Nyhan",brendannyhan.bsky.social,124371
578,"Matthew Mercer",matthewmercer.bsky.social,124361
579,"Ally Sammarco",allysammarco.bsky.social,124217
580,"Charles Fourier",charlesfourier.bsky.social,124074
581,"Jill Lawrence",jilldlawrence.bsky.social,124021
582,"Rena Korb",renakorb.bsky.social,124006
583,"Michael Ian Black",michaelianblack.bsky.social,123981
584,"The Daily Beans Podcast",dailybeanspod.com,123878
585,"KSlatteryResist",kslatteryresist.bsky.social,123815
586,"LunaLuvgood2020",lunaluvgood2020.bsky.social,123707
587,"faby jurÃ­dico modern family",fabyollaveras.bsky.social,123627
588,"Adam Klasfeld",klasfeldreports.com,123406
589,"The USA Singers",theusasingers.bsky.social,123384
590,"Bridget123goooo ğŸŒŠğŸ¦‹ğŸƒğŸ»â€â™€ï¸â›°ï¸",bridget123goooo.bsky.social,123366
591,"Ezra Levin âŒğŸ‘‘",ezralevin.bsky.social,123325
592,"Dana Goldberg",dgcomedy.bsky.social,123323
593,"Shen Comix",shenanigansen.bsky.social,123216
594,"Senator Chris Van Hollen",vanhollen.senate.gov,122831
595,"Aaron McCall",aaronmccall.bsky.social,122472
596,"Nash Is Here For It",nashishereforit.bsky.social,122211
597,"ğŸ—½LOLGOPğŸ—½",thefarce.org,122131
598,"Vivienne M",vivziepop.bsky.social,122091
599,"Laerte",laertecoutinho.bsky.social,121883
600,"kate conger",kateconger.com,121758
601,"The Daily Beast",thedailybeast.bsky.social,121534
602,"The Economist",economist.com,121417
603,"Nikki Fried",nikkifried.bsky.social,121155
604,"Monterey Bay Aquarium",montereybayaquarium.org,121133
605,"Agolf Twitler Slayer",slayeragolf.bsky.social,120940
606,"Brendel",brendelbored.bsky.social,120922
607,"Rian Johnson",rianjohnson.bsky.social,120747
608,"Michael Podhorzer",mikepod.bsky.social,120580
609,"Jerry Chen",jcsalterego.bsky.social,120521
610,"Sam Schwartz",samuelschwartz.bsky.social,120415
611,"Owen Jones",owenjones.bsky.social,120392
612,"Adam Ellis",adamtots.bsky.social,120312
613,"Comfortably Away â›”",numb.comfortab.ly,120297
614,"HuffPost",huffpost.com,120224
615,"The Briefing with Jen Psaki",briefingwithpsaki.bsky.social,120221
616,"Olga Lautman ğŸ‡ºğŸ‡¦",olgalautman.bsky.social,120096
617,"g1 - O portal de notÃ­cias da Globo",g1portal.bsky.social,120082
618,"The Boston Globe",bostonglobe.com,119949
619,"Ade",debayoorr.bsky.social,119937
620,"Melissa Nadia Viviana ğŸ¸",resistrebelrevolt.net,119807
621,"Justin Wolfers",justinwolfers.bsky.social,119411
622,"Sarah SzalavitzğŸ’¡",dearsarah.bsky.social,119189
623,"Rogue Citizen One",roguecitizenone.bsky.social,119064
624,"Human Rights Watch",hrw.org,118960
625,"Illia Ponomarenko",ioponomarenko.bsky.social,118707
626,"David Rothkopf",djrothkopf.bsky.social,118625
627,"Bug Enthusiast ğŸâ¤ï¸",idolomantises.bsky.social,118597
628,"Arnold Schwarzenegger",schwarzenegger.bsky.social,118574
629,"Buitengebieden",buitengebieden.bsky.social,118535
630,"Zoe Tillman",zoetillman.bsky.social,118471
631,"Anton Gerashchenko",antongerashchenko.bsky.social,118433
632,"Natalie Wynn",contrapoints.bsky.social,118352
633,"The Ken Harbaugh Show",thekenharbaughshow.bsky.social,118306
634,"Chris Packham",chrisgpackham.bsky.social,118162
635,"Stonekettle",stonekettle.bsky.social,117474
636,"Ursula von der Leyen",vonderleyen.ec.europa.eu,117325
637,"Ailani ğŸŒº Brown Eye Girl",browneyegirlhi.bsky.social,117216
638,"N. K. Jemisin",nkjemisin.bsky.social,116928
639,"John Burn-Murdoch",jburnmurdoch.ft.com,116794
640,"ğŸª·MsGrumpyBunnyğŸª·",msgrumpybunny.bsky.social,116733
641,"Michael Beschloss",beschlossdc1776.bsky.social,116664
642,"AT Protocol Developers",atproto.com,116526
643,"Jorts (and Jean)",jortsthecat.bsky.social,116464
644,"StrictlyChristo ğŸ‡ºğŸ‡¦ğŸŒ»ğŸš«ğŸ‘‘",strictlychristo.bsky.social,116459
645,"Merriam-Webster",merriam-webster.com,116434
646,"David Shiffman, Ph.D. ğŸ¦ˆ",whysharksmatter.bsky.social,116305
647,"The MAGA Trigger",magatrigger.bsky.social,116297
648,"Jennifer C",thejenniwren.teamlh.social,116076
649,"Marina Purkiss",marina-purkiss.bsky.social,116045
650,"U.S. Consumer Product Safety Commission",cpsc.gov,116036
651,"Kirk Acevedo",realkidvicious.bsky.social,115941
652,"Larry Tenney âŒğŸ‘‘",larrytenney.bsky.social,115926
653,"Nintendo of America [Unofficial]",nintendousa.bsky.social,115885
654,"God",skeetofgod.bsky.social,115835
655,"Viral Porno Gay +18 ğŸ”ğŸ¼110k",viralpornbr.bsky.social,115707
656,"FIVE MINUTE NEWS",fiveminutenews.bsky.social,115678
657,"Gail Simone",gailsimone.bsky.social,115634
658,"Rob Delaney",robdelaney.bsky.social,115519
659,"kim â˜¼",web.kim,115375
660,"Stephen Wolf",stephenwolf.bsky.social,115265
661,"undefined",infjx.bsky.social,115046
662,"Vivian Jenna Wilson",thevivllainous.bsky.social,114856
663,"Natalie Louise Shorter (Lucas)",natalielshorter.bsky.social,114767
664,"Pod Save America",podsaveamerica.crooked.com,114673
665,"Cold War Steve",coldwarsteve.bsky.social,114520
666,"Carole King",carolekingofficial.bsky.social,114312
667,"BCharts",bcharts.com.br,113983
668,"David Ho",davidho.bsky.social,113927
669,"Dr. Lucky Tran",luckytran.com,113917
670,"Rep. Ted Lieu",reptedlieu.bsky.social,113872
671,"Jimmy Fallon",jimmyfallon.bsky.social,113817
672,"Michelle Fowle",mmanire.bsky.social,113612
673,"rafael lange",cellbitos.bsky.social,113507
674,"Amy Klobuchar",amyklobuchar.com,113430
675,"Lev Parnas",levparnas.bsky.social,113352
676,"SwiftOnSecurity",swiftonsecurity.com,113219
677,"Ashley Kuckelman",ashleyvotesblue.bsky.social,113165
678,"LittleMissVrb",littlemissvrb.bsky.social,113056
679,"Rosanna",rosannaarquette.bsky.social,112938
680,"ğŸŒºğŸŒº  Cynbad  ğŸŒºğŸŒº",cyynbadd.bsky.social,112927
681,"JonBowzerBauman.bsky.social",jonbowzerbauman.bsky.social,112875
682,"Mallory McMorrow",mallorymcmorrow.bsky.social,112832
683,"Kristin Rowe-Finkbeiner",rowefinkbeiner.bsky.social,112570
684,"Ciara Torres-Spelliscy",profciara.bsky.social,112544
685,"Mr. Spock ğŸ––",spockresists.bsky.social,112335
686,"Bookshelfie",bookshelfie.bsky.social,112331
687,"Ronan Farrow",ronanfarrow.bsky.social,112288
688,"The Secret Barrister",barristersecret.bsky.social,112270
689,"The Democratic Coalition",thedemcoalition.bsky.social,112187
690,"U.S. Senator John Fetterman",fetterman.senate.gov,111988
691,"Jon Lovett",jonlovett.bsky.social,111982
692,"Mediapart",mediapart.fr,111937
693,"Jemele Hill",jemelehill.bsky.social,111739
694,"Michael McKean",mjmckean.bsky.social,111647
695,"Mariana Z",mariana057.bsky.social,111621
696,"Tom Watson",guitarwatson.bsky.social,111577
697,"Stephanie Ruhle",stephruhle.bsky.social,111563
698,"Agence France-Presse",afp.com,111339
699,"Steven Martin",stevenmartin.bsky.social,111215
700,"Molly Knight",mollyknight.bsky.social,111147
701,"ryan cooper",ryanlcooper.com,111025
702,"NOELREPORTS",noelreports.com,110980
703,"MadeInDex ğŸ“° ğŸŒ",madeindex.bsky.social,110927
704,"Heidi Przybyla ğŸ¤âœï¸",heidireports.bsky.social,110615
705,"Mitch Kates",mitchkates.bsky.social,110547
706,"Noel Casler Comedy",noelcaslercomedy.bsky.social,110463
707,"The Times & Sunday Times",thetimes.com,110378
708,"Dr. Vin Gupta",vinguptamd.bsky.social,110195
709,"Aaron Reichlin-Melnick",reichlinmelnick.bsky.social,110157
710,"Kim Kelly",kimkelly.bsky.social,110077
711,"Melissa Jo  Peltier",melissjpeltier.bsky.social,109907
712,"Sahil Kapur",sahilkapur.bsky.social,109873
713,"Jan BÃ¶hmermann ğŸ¤¨",janboehm.bsky.social,109719
714,"Alexandra Petri",petridishes.bsky.social,109700
715,"Sonaar Luthra ğŸ’§â„ï¸ğŸŒ§ï¸ğŸ§ŠğŸŒŠ",sonaar.bsky.social,109615
716,"ğŸŒŠSandy #GunReformNow",cynthiaharless.bsky.social,109520
717,"Mark Ruffalo",markruffalo.bsky.social,109519
718,"Brenley",brenley.bsky.social,109398
719,"Isidor",isidor.rs,109390
720,"Soraya Nadia McDonald",sorayanadiamcdonald.com,109308
721,"Dara O Briain",daraobriain.bsky.social,109253
722,"Hala Ayala",halaayala.bsky.social,109247
723,"Maitlis",maitlis.bsky.social,109121
724,"Sarah Oâ€™Connell",sarahoconnellshow.com,109007
725,"Kashana",kashana.blacksky.app,108843
726,"Jamie Gangel",jamiegangel.bsky.social,108835
727,"RJ Palmer",rj-palmer.com,108742
728,"Guilherme Boulos",guilhermeboulos.bsky.social,108584
729,"ChiitanğŸŒˆã¡ãƒãŸã‚“â˜†",chiitan.love,108368
730,"Sam Reich",samreich.bsky.social,108352
731,"Lilly Wachowski",lillywachowski.bsky.social,108203
732,"CREW",citizensforethics.org,108168
733,"Bolts",boltsmag.org,107981
734,"Mike Levin",mikelevin.org,107891
735,"Mark Hertling",markhertling.bsky.social,107731
736,"Xbox",xbox.com,107707
737,"Max Berger",maxberger.bsky.social,107669
738,"ğŸ’«FoxyğŸ’«",getyourfoxyback.bsky.social,107662
739,"Kimberley Johnson",kimberleyjohnson.bsky.social,107544
740,"Reggie Hubbard",oreggieglobal.bsky.social,107499
741,"Charlie Warzel",cwarzel.bsky.social,107347
742,"the Mountain Goats",themountaingoats.bsky.social,107309
743,"Ricky Davila",therickydavila.bsky.social,107039
744,"Jeremy",jeremy8.bsky.social,106838
745,"John W Dean",johnwdean.bsky.social,106515
746,"Stephen Fry",stephenfry.bsky.social,106511
747,"Jessica Tarlov",jessicatarlov.bsky.social,106348
748,"Nath FinanÃ§as ğŸ’°",nathfinancas.com.br,106258
749,"undefined",judithbolyard.bsky.social,105948
750,"Rep. Malcolm Kenyatta",malcolmkenyatta.bsky.social,105855
751,"Suri Crowe ğŸ¥·7ï¸âƒ£",suricrowe.bsky.social,105830
752,"Dan Pfeiffer",danpfeiffer.bsky.social,105756
753,"Paulette Feeney âŒï¸ğŸ‘‘",pauletteparis1.bsky.social,105660
754,"Alicia Menendez",aliciamenendez.bsky.social,105518
755,"Martin Lewis",martinlewis.moneysavingexpert.com,105467
756,"Debra Wexler",debrawexler.bsky.social,105441
757,"schaÂ·denÂ·freuÂ·de",blisterpearl.bsky.social,105189
758,"Ezra Klein",ezrakleinbot.bsky.social,105162
759,"Jordan Uhl",jordanuhl.com,105146
760,"Elli Anderson ğŸŒŠğŸ’™ğŸ‡ºğŸ‡¸",ellilanderson.bsky.social,105109
761,"Celeste Ng",pronounced-ing.bsky.social,105021
762,"Adam Schefter - Mirror",adamschefter-mirror.bluesky.bot,104995
763,"Sylvia at Tono Latino",tonolatino.bsky.social,104863
764,"David_j_roth",davidjroth.bsky.social,104727
765,"Bill Barnwell",billbarnwell.com,104718
766,"JoCat",jocat.net,104712
767,"Raw Story",rawstory.com,104629
768,"Congressman Eugene Vindman (VA-07)",gene4va.bsky.social,104603
769,"ğŸ•Šï¸~KK~ğŸ•Šï¸~On the turning away~Pink Floyd",katarinakriz.bsky.social,104597
770,"Democracy Forward",democracyforward.org,104581
771,"Colin Oreilly",colin0reilly.bsky.social,104234
772,"Mark Jacob",markjacob.bsky.social,104201
773,"Brian J. Karem",briankarem.bsky.social,104159
774,"Mike Drucker",mikedrucker.bsky.social,104114
775,"RizğŸ”",rizdraws.bsky.social,104070
776,"Iyan Velji",iyanvelji.bsky.social,103927
777,"Dana Terrace",danaterrace.bsky.social,103872
778,"Meidas Sassyâ„¢ ğŸ¬",filosia.bsky.social,103827
779,"Fifty Shades of Whey",fiftyshadesofwhey.bsky.social,103799
780,"Dean Obeidallah",deanobeidallah.bsky.social,103707
781,"Vi & Reese Papa ğŸ¶",brettbobculbert.bsky.social,103702
782,"Little aliens forever",lilalienz4ever.bsky.social,103431
783,"Stardust ğŸŒğŸ¬",stardustbluepr.com,103422
784,"Ted Corcoran (RedTRaccoon)",redtraccoon.bsky.social,103064
785,"Dina Sayegh Doll",askdinadoll.bsky.social,103051
786,"Renato Mariotti",renatomariotti.bsky.social,102938
787,"Ann Telnaes",anntelnaes.bsky.social,102899
788,"lore",lorenaaorsi.bsky.social,102683
789,"Melissa Gira Grant",melissagiragrant.com,102676
790,"MysterySolvent",mysterysolvent.bsky.social,102543
791,"datcravat ã‚¯ãƒ©ãƒãƒƒãƒˆğŸ·",datcravat.bsky.social,102531
792,"undefined",politicaldude.bsky.social,102115
793,"Chris D. Jackson",chrisdjackson.bsky.social,102058
794,"KIM F-M",kimf-m.bsky.social,102055
795,"United Farm Workers",ufw.bsky.social,101993
796,"Po Murray",pomurray.bsky.social,101978
797,"Scottacular",scottcrates.bsky.social,101936
798,"All In with Chris Hayes",allinwithchris.bsky.social,101890
799,"Ted Lieu",tedlieu.bsky.social,101847
800,"Roy Wood Jr- Ex Jedi",roywoodjr.bsky.social,101826
801,"Tokyo Sand",dhstokyo.bsky.social,101772
802,"Kyle Clark",kylec.bsky.social,101716
803,"Prof Jeffrey S Morris",jsm2334.bsky.social,101635
804,"Anthony Michael Kreis",anthonymkreis.bsky.social,101498
805,"Connie Schultz",connieschultz.bsky.social,101485
806,"Dr. Jen Gunter",drjengunter.bsky.social,101477
807,"David French",davidfrenchjag.bsky.social,101363
808,"Secret Agent Number Six",designationsix.bsky.social,101361
809,"Liz (or Lizzie) Kim ê¹€í˜œì„± ğŸ’«",lizzielizliz.bsky.social,101277
810,"BigBlueWaveUSA2026Â®                  â€¦.. ğŸ‡ºğŸ‡¸ğŸŒŠğŸ‡ºğŸ‡¦ğŸ¦‹ğŸ³ï¸â€ğŸŒˆ",bigbluewaveusa.bsky.social,101263
811,"The Dangerous Ones",thedangerousones.com,101256
812,"Phil Williams",philinvestigates.com,101242
813,"Joanne Freeman",jbf1755.bsky.social,101222
814,"Alex Cole",acnewsitics.com,101113
815,"Hayden ğŸ‡ºğŸ‡¸ğŸ¦…",wright.wiki,101091
816,"MiaMarie",mmkresge.bsky.social,101089
817,"Brad Bo",bradbo.bsky.social,101078
818,"A Blue View",ablueview.bsky.social,101014
819,"Jessica Valenti",jessicavalenti.bsky.social,100977
820,"Salty",salty.bsky.social,100881
821,"Ida Bae Wells",nhannahjones.bsky.social,100800
822,"fesshole ğŸ§»",fesshole.bsky.social,100687
823,"The Real Truther",therealtruther.bsky.social,100441
824,"Foxes In Love",foxes-in-love.bsky.social,100341
825,"Chuck Schumer",schumer.senate.gov,100292
826,"Isaac Dovere",isaacdovere.bsky.social,100222
827,"Elad Nehorai",eladn.bsky.social,100068
828,"Critical Role",criticalrole.bsky.social,100005
829,"Congresswoman Ayanna Pressley",pressley.house.gov,99955
830,"60 Minutes",60minutes.bsky.social,99921
831,"David Roberts",volts.wtf,99768
832,"Ed Markey",edmarkey.bsky.social,99749
833,"Emily Liu",emilyliu.me,99735
834,"Defend The Vote",wedefendthevote.org,99704
835,"Radley Balko",radleybalko.bsky.social,99692
836,"Olivier Knox",oknox.bsky.social,99597
837,"Alice Roberts",profaliceroberts.bsky.social,99394
838,"Fishtopher and Friends",fishtopher.bsky.social,99387
839,"Steve Pierson",bluesboysteve.bsky.social,99351
840,"Jacob Soboroff",jacobsoboroff.bsky.social,99329
841,"Sally Deal - ğŸ“ Call your legislators @ (202)224-3121    â°24/7!",sallydeal4.bsky.social,99129
842,"Gabrien Gregory",gabriengregory.bsky.social,99113
843,"Chanda Prescod-Weinstein ğŸŒŒ",chanda.blacksky.app,99062
844,"Stacy Pinkston",stacypinkston.bsky.social,98935
845,"Jornal Nacional",jnoficial.bsky.social,98881
846,"Science Magazine",science.org,98872
847,"Melanie Dâ€™Arrigo",darrigomelanie.bsky.social,98658
848,"Julius Kim",juliuskim.bsky.social,98621
849,"Meredith Whittaker",meredithmeredith.bsky.social,98562
850,"GoBlue",blu2b4u.bsky.social,98536
851,"Jonathan V. Last",jvl.bsky.social,98444
852,"Your Internet Friend Tom Tomorrow",tomtomorrow.bsky.social,98307
853,"Michael Steele",michaelsteele.bsky.social,98286
854,"San Diego Zoo Wildlife Alliance",sandiegozoo.bsky.social,98247
855,"Moira Donegan",moiradonegan.bsky.social,98200
856,"Brian Guest",brguest20.bsky.social,98160
857,"Ken Martin",kenmartin.bsky.social,98137
858,"Otto English",ottoenglish.bsky.social,97994
859,"Edgar Wright",edgarwright.bsky.social,97984
860,"Bock Sam",bocksam.bsky.social,97885
861,"Tara Dublin, Rock Star AuthorğŸ“šâ¤ï¸â€ğŸ”¥ğŸ¤˜ğŸ»",taradublinrocks.bsky.social,97795
862,"John Ales AF",johnales.bsky.social,97747
863,"Lâ€™Etat Câ€™est Moi",letatcestmoi.bsky.social,97524
864,"Laura Helmuth",laurahelmuth.bsky.social,97500
865,"Kinley ğŸ¦‹ Brenda",bluthrunthru.bsky.social,97481
866,"Eddie Smith",eddsmitty.bsky.social,97382
867,"Anil Dash",anildash.com,97381
868,"Abbi Lichtenstein",abbij1961.bsky.social,97351
869,"Michael Harriot",michaelharriot.bsky.social,97349
870,"Hakeem Jefferson",hakeemjefferson.bsky.social,97235
871,"RubberRoss",rubberross.bsky.social,97051
872,"Kyle",kyleshivers.bsky.social,96898
873,"Doctors Without Borders / MÃ©decins Sans FrontiÃ¨res (MSF)",msf.ca,96895
874,"Monica",softtail65.bsky.social,96882
875,"Monte_Santo ğŸ’™ğŸ‡§ğŸ‡·",montesanto.bsky.social,96773
876,"Wolf Conservation Center ğŸº",nywolforg.bsky.social,96693
877,"CajunBlue ğŸ‡ºğŸ‡¸ ğŸ‡ºğŸ‡¦",cajunblue.bsky.social,96645
878,"Joel Rubin",joelmrubin.bsky.social,96617
879,"Garrett M. Graff",vermontgmg.bsky.social,96608
880,"CHOAM Nomsky",samthielman.com,96593
881,"Eixo PolÃ­tico",eixopolitico.com.br,96561
882,"Kurt",kaatokunart.bsky.social,96529
883,"Los Angeles Times",latimes.com,96514
884,"Charlie Angus",charlieangus104.bsky.social,96368
885,"Anne Caprara",annecaprara.bsky.social,96352
886,"Institute for the Study of War",thestudyofwar.bsky.social,96287
887,"Jessica Denson",jessicadenson07.bsky.social,96285
888,"Elizabeth Warren",elizabeth-warren.bsky.social,96231
889,"Lisa Guerrero",lisaguerrero.bsky.social,96130
890,"Adam Bienkov",adambienkov.bsky.social,96128
891,"Republican Accountability",accountablegop.bsky.social,96100
892,"Olga Nesterova",onestpress.onestnetwork.com,95574
893,"CINEMA 505",cinema505.bsky.social,95513
894,"Erika Ishii",erikaishii.bsky.social,95442
895,"Adam Conover",adamconover.net,95398
896,"Rubicon1313  ğŸ’•Safe 4 LGTBQğŸ’•Vets ğŸš«DMs!",rubicon1313.bsky.social,95285
897,"Arriadna ğŸ‡ºğŸ‡¸ğŸ—½ğŸŒ»",arriadna.bsky.social,95119
898,"Alien Super Show",aliensupershow.bsky.social,94997
899,"Tom Joadâ„¢ï¸",theoriginaltomjoad.bsky.social,94969
900,"ğŸ‘‘Maricella BrooksğŸŒŠğŸ¦…",fireeyebooks.bsky.social,94936
901,"Loish",loish.bsky.social,94879
902,"2000s",popculture2000s.bsky.social,94799
903,"Faine Greenwood",faineg.bsky.social,94758
904,"Lil A ğŸ´ğŸ’™",lilatheofficial.bsky.social,94735
905,"Karma & Chaos",karma-chaos.bsky.social,94702
906,"Angry Buni",angrybuni.bsky.social,94376
907,"Puff the Magic Hater",mskellymhayes.bsky.social,94332
908,"Jared Yates Sexton",jysexton.bsky.social,94277
909,"Michael E. Mann",michaelemann.bsky.social,94259
910,"Josh Gerstein",joshgerstein.bsky.social,94071
911,"Live and Learn",liveandlearn.bsky.social,94064
912,"Wagatwe Wanjuki",wagatwe.com,94060
913,"Lydia Polgreen",polgreen.bsky.social,94029
914,"PSX Bunlith ğŸª„ BLM ACAB ğŸ‡µğŸ‡¸",b0tster.yeag.gay,94026
915,"Ars Technica",arstechnica.com,93961
916,"Micah",rincewind.run,93913
917,"CoachD_Speaks",coachdspeaks.bsky.social,93909
918,"The Astute Galoot â„¢ï¸ ğŸ´â€â˜ ï¸",theastutegaloot.bsky.social,93871
919,"undefined",normanroots.bsky.social,93740
920,"Victor Shi",victorshi.bsky.social,93732
921,"jenny tightpants",jtp.bsky.social,93544
922,"ğŸ¦‹ğŸ’”ğŸ‡ºğŸ‡¸SEBğŸ‡ºğŸ‡¸ğŸ’”ğŸ¦‹",sebastiangarof5.bsky.social,93526
923,"masturbe o cÃ©rebro e goze ideias ğŸŠ",laranja.bsky.social,93324
924,"Julie",julie3500.bsky.social,93283
925,"Andrew Lawrence",ndrew.bsky.social,93223
926,"Inequality Media",inequalitymedia.bsky.social,93187
927,"Arve Aksnes",arveaksnes75.bsky.social,93137
928,"Casey",mamasissiesays.bsky.social,93081
929,"Jenn Liu",jennkliu.bsky.social,93050
930,"Shayan Sardarizadeh",shayan86.bsky.social,93039
931,"Hugo Lowell",hugolowell.bsky.social,92942
932,"Matt Novak",paleofuture.bsky.social,92932
933,"KDğŸ“šğŸŒğŸŒŠğŸ‡ºğŸ‡¸",kdnerak33.bsky.social,92922
934,"Greg Pak",gregpak.net,92896
935,"Gillian Branstetter",gbbranstetter.bsky.social,92884
936,"Bic MÃ¼ller",bicmuller.bsky.social,92833
937,"Kimberly Atkins Stohr",kimberlyeatkins.bsky.social,92681
938,"Trevor Henderson ğŸ‰",slimyswampghost.bsky.social,92631
939,"Susan Glasser",sbg1.bsky.social,92592
940,"Folha de S.Paulo",folha.com,92573
941,"Garry Kasparov",garrykasparov.bsky.social,92554
942,"The Real Zanetta",therealzanetta.bsky.social,92538
943,"Coral City Camera",coralcitycamera.bsky.social,92538
944,"Margaret Atwood",margaretatwood.bsky.social,92389
945,"News Eye",newseye.bsky.social,92303
946,"Katie Notopoulos",katienotopoulos.bsky.social,92287
947,"Jeremy Corbyn",jeremycorbyn.bsky.social,92083
948,"Rachel Gilmore",rachelgilmore.bsky.social,92039
949,"Jill Wine-Banks",jillwine-banks.bsky.social,92016
950,"European Commission",ec.europa.eu,92005
951,"Julie K. Brown",jkbjournalist.bsky.social,91851
952,"pikat",pikat.io,91834
953,"Michael sisto",sistosterone.bsky.social,91828
954,"cats being weird little guys",weirdlilguys.bsky.social,91618
955,"AFT",aft.org,91495
956,"SarahBCalif",sarahbca.bsky.social,91489
957,"Coach Finstock",coachfinstock.bsky.social,91468
958,"ğ•²ğ–”ğ–‰ğ–ğ–›ğ–† ğ•²ğ–ğ–”ğ–šğ–‘",godivaghoul.bsky.social,91450
959,"Xiao Tong ğŸ¦‹ CTC",velinxi.bsky.social,91441
960,"BladeoftheSun",bladeofthes.bsky.social,91167
961,"Mark Harris",markharris.bsky.social,91069
962,"Newsweek",newsweek.com,91026
963,"Mika Pikazo",mikapikazompz.bsky.social,90940
964,"Joaquin Castro",joaquincastrotx.bsky.social,90920
965,"Sonya Sloan, M.D.",sonyasloanmd.bsky.social,90871
966,"Kat  ğŸ•Šï¸ğŸ’™ğŸ¦‹ğŸ‡ºğŸ‡¦ğŸŒ»ğŸŒŠğŸŸ§ğŸŸ¦ğŸŒˆğŸ³ï¸â€ğŸŒˆğŸ³ï¸â€âš§ï¸ğŸ­ğŸ’–",smith83k.bsky.social,90844
967,"Bill Simmons",billsimmons.bsky.social,90800
968,"Unusual Whales",unusualwhales.bsky.social,90716
969,"beetle moses",beetlemoses.bsky.social,90672
970,"Malcolm ConnectingğŸ³ï¸â€ğŸŒˆğŸ³ï¸â€âš§ï¸ğŸ‘¬ğŸ‘­ğŸŒŠğŸ’™LGBTQ+ Democrat Resistance",therainbownavy.bsky.social,90668
971,"Shiv Ramdas Mens Rice Activist",nameshiv.bsky.social,90549
972,"Nancy Levine Stearns",nancylevinestearns.bsky.social,90523
973,"Katelyn Burns",katelynburns.com,90473
974,"MAKS 25 ğŸ‘€ğŸ‡ºğŸ‡¦",maks23.bsky.social,90288
975,"Shams Charania Tweets",shamsbot.bsky.social,90288
976,"Cortinas ao ContrÃ¡rio",snaihtniroccccc.bsky.social,90277
977,"Sarah Andersen",sarahseeandersen.bsky.social,90197
978,"Freddie_RoseğŸŒ¹ ğŸ‡¨ğŸ‡¦ âš•ï¸",freddierose.bsky.social,90143
979,"Senator Mark Warner",markwarner.bsky.social,89991
980,"Babi",babi.net.br,89921
981,"chopped unc crisis hotline",milesklee.bsky.social,89886
982,"Read the book Read Raising Expectations (and Raising Hell)",jphillll.bsky.social,89858
983,"Claire McCaskill",clairecmc.bsky.social,89823
984,"Franklin Leonard",franklinleonard.bsky.social,89819
985,"ZiggyStardust",grancracker.bsky.social,89810
986,"We all need to make this world better NOT SPAM!",aseanbusiness13.bsky.social,89769
987,"Field Yates",fieldyates.bsky.social,89664
988,"itch.io",itch.io,89664
989,"Anonymous â©œ",youranona.bsky.social,89632
990,"Kate Starbird",katestarbird.bsky.social,89576
991,"Elon Musk's Jet Tracking",elonjet.net,89568
992,"molly conger",socialistdogmom.bsky.social,89467
993,"Schooley",schooley.bsky.social,89440
994,"meyo ğŸŒ¸",meyoco.bsky.social,89243
995,"Mark Zaid, Esq",markzaidesq.bsky.social,89206
996,"Private Eye Magazine",privateeyenews.bsky.social,89159
997,"The News Agents",newsagents.bsky.social,89120